index,Titles,Image,Instagram Links,Other Information
0,Kim & Den - Dubai Food Bloggers (@wheremyfoodat) - Instagram,https://encrypted-tbn0.gstatic.com/images?q=tbn:ANd9GcQvv_ylC3MvZQ2GC3lidky6k23YJe6sLpRPhydBSSFZ5pfzXLsF-fmEsUo&s,www.instagram.com/wheremyfoodat,"92K Followers, 118 Following, 3752 Posts - Kim & Den - Dubai Food Bloggers (@wheremyfoodat) on Instagram: "" Cosmopolitan Food Influencer Award'18 Stylist ..."
1,JustFood (@justfooddxb) ‚Ä¢ Instagram photos and videos,https://encrypted-tbn0.gstatic.com/images?q=tbn:ANd9GcTT2gEZl8ei2aZ_hhC0YNM18DAQemL-nX2aCIT4Zn8flg9AbCF8WFaHVqsD&s,www.instagram.com/justfooddxb,"281K Followers, 5962 Following, 889 Posts - JustFood (@justfooddxb) on Instagram: "" No Nonsense, Just Food Helping You Find Hidden Eats Top 3 Food ..."
2,HibaThallah | UAE Food Blogger (@thedrooldiary) - Instagram,https://encrypted-tbn0.gstatic.com/images?q=tbn:ANd9GcS3808cBZ7ftHddvSPj2VppLIYMUqqhMrIJVXPfn3-Z-q7GRl4aUdB5-V0&s,www.instagram.com/thedrooldiary,"... tart, Date Night ‚ù§Ô∏è, StuffedEggbonda - See Instagram photos and videos from HibaThallah | UAE Food Blogger (@thedrooldiary)"
3,FOODIES IN DUBAI! / DUBAI FOOD BLOGGERS (@eatoutdxb),N/A,www.instagram.com/eatoutdxb,"‚ùìSolving ‚ÄúWhere to eat in Dubai?‚Äù A community for food lovers ‚Äç ‚Äç ‚Äç ‚Äç For the foodies, by the foodies DM for collabs TikTok @eatoutdxb  ..."
4,Sana (Food & Travel Blogger) - Instagram,https://encrypted-tbn0.gstatic.com/images?q=tbn:ANd9GcScO_TZDZLHQtyuHsDm_kHplyqNf_aTCUuMNVEKwLA4447Qs-n3GE5JA_f-&s,www.instagram.com/sana,"135K Followers, 44 Following, 1543 Posts - Sana (Food & Travel Blogger) (@sana) on Instagram: "" Luxury Collabs - Tourism Boards, F&B, Hotels Awarded ..."
5,Divya | Dubai Food Blogger (@divyasirnani) - Instagram,https://encrypted-tbn0.gstatic.com/images?q=tbn:ANd9GcTQb32wlpgUtAF0orwGl7WDyHx8LjcM2JdcDVGaWvRFERsvJFkRQKjAHxk&s,www.instagram.com/divyasirnani,"7358 Followers, 3115 Following, 1308 Posts - See Instagram photos and videos from Divya | Dubai Food Blogger (@divyasirnani)"
6,Food Blogger - Jen Sahi (@dxbfooddiaries) - Instagram,N/A,www.instagram.com/dxbfooddiaries,Las Vegas | Dubai Paid Ads Specialist @futureforwarddigital. Nominated Best Food Blogger @bbcgoodfoodme. Loves Good Food ‚ù§ All Food Photos My Own.
7,Sachi Kumar | Dubai Food and Travel Blogger (@wheresachi),https://encrypted-tbn0.gstatic.com/images?q=tbn:ANd9GcRVsQPwejEIrmHTmvrvnljLcs8-ZZIc_m1M_CDEQgXrDth-Hh_550rmPDvg&s,www.instagram.com/wheresachi,"32K Followers, 1459 Posts - Sachi Kumar | Dubai Food and Travel Blogger (@wheresachi) on Instagram: ""Budget food and solo travels Dubai//Mumbai ..."
8,Dubai Food Blogger (@dubaisfoodie) ‚Ä¢ Instagram photos and videos,N/A,www.instagram.com/dubaisfoodie,"2634 Followers, 100 Following, 537 Posts - See Instagram photos and videos from Dubai Food Blogger (@dubaisfoodie)"
9,Dubai Food Blogger (@dubaitastes) ‚Ä¢ Instagram photos and videos,https://encrypted-tbn0.gstatic.com/images?q=tbn:ANd9GcSYu9S2j1HI8zwMIN7keabCeg6LRSna7YP1ZTdvWWwoTdoprgAD_lv-0k0&s,www.instagram.com/dubaitastes,"1M Followers, 140 Following, 1479 Posts - Dubai Food Blogger (@dubaitastes) on Instagram: ""Managed by @dtsocialhouse Dentist by day. Foodie by night."
10,Dubai Blogger (@the_diary_of_a_muslimah) - Instagram,https://encrypted-tbn0.gstatic.com/images?q=tbn:ANd9GcRXBJop1c1g7s3s4WqY26DzOAbka41tDVrqZ1TZWPb-u3JTTYM01dIU&s,www.instagram.com/the_diary_of_a_muslimah,Food Critique /Blogger ‚Äç‚ôÄÔ∏è #the_elite_bloggers Level 6 local guide ( 1.3 M+ views) Educator! Engineer ‚Äç ¬∑ Dubai Food's profile picture.
11,Mohamed Azharudeen Peediyekkal (@travel_n_cuisine_by_azhar),N/A,www.instagram.com/travel_n_cuisine_by_azhar,"Dubai, United Arab Emirates - 430K Followers, 1271 Following, 3481 Posts - See Instagram photos and videos from Mohamed Azharudeen Peediyekkal ..."
12,MOHZ KHAN (@mohzkhan) ‚Ä¢ Instagram photos and videos,https://encrypted-tbn0.gstatic.com/images?q=tbn:ANd9GcSihl8GARkRBcTppPdCnZtsuziFHJvjpIwv106Ew1rjuHEO5g2Q5NyZMg&s,www.instagram.com/mohzkhan,ghantaa. ghantaa. Follow. dubaieats. Dubai Eats (Dubai Food Festival). Follow. fatima_ar5. Fatima Arsalan ‚ú®. Follow. hirachaudhryyy. HiRa ChAudhry | blogger.
13,Feed Kiani | Emirati Food Blogger (@feedkiani) - Instagram,https://encrypted-tbn0.gstatic.com/images?q=tbn:ANd9GcTZLFC3YgY4BJBYDnw0yaczXhiBnOegAMzfK2fo9eWxP7x_5bz-3XC6YBlz&s,www.instagram.com/feedkiani,Full-time Foodie hello@feedkiani.com. Check out my YouTube ¬∑ Looking for best Birria Ramen in Dubai like me? ¬∑‚ÄºÔ∏èLooking for best tacos in Dubai  ...
14,WSIO - Dubai Food Blogger (@whatshalliorder) - Instagram,https://encrypted-tbn0.gstatic.com/images?q=tbn:ANd9GcRbD_zElE5O2L1JgV1EotipettaQdOirgnd3pPIHwIxcT6VWV-3pkU9dQ&s,www.instagram.com/whatshalliorder,"5705 Followers, 181 Following, 294 Posts - WSIO - Dubai Food Blogger (@whatshalliorder) on Instagram: "" Dubai Eating my way around Dubai ‚≠êÔ∏èFood + ..."
15,Shehroz | Dubai Food Blogger (@thefit.foodie) - Instagram,N/A,www.instagram.com/thefit.foodie,"4692 Followers, 1005 Following, 95 Posts - See Instagram photos and videos from Shehroz | Dubai Food Blogger (@thefit.foodie)"
16,Dubai Food Blogger (@eatwithyeesh) - Ayesha Parki - Instagram,https://encrypted-tbn0.gstatic.com/images?q=tbn:ANd9GcQj5tBTusc50MbiJ9jwN-h-8HVjwO2vlbR6zqzljc4BMvb-S6jCeWyQ7U61&s,www.instagram.com/eatwithyeesh,"2304 Followers, 2237 Following, 373 Posts - Ayesha Parki | Dubai Food Blogger (@eatwithyeesh) on Instagram: "" Dubai Û†ÅßÛ†Å¢Û†Å≥Û†Å£Û†Å¥Û†Åø gal; sometimes fancy ..."
17,Haya Kaabar (@thedubailist) ‚Ä¢ Instagram photos and videos,https://encrypted-tbn0.gstatic.com/images?q=tbn:ANd9GcSkdmBzAvDNSHQddq3yOgfzuwmhT948VVuR6hEkf6iF5aw-_ZkX7NWuT0T0&s,www.instagram.com/thedubailist,Mr & Mrs Nicola Moosa | Foodyiz Dubai Food Blogger. Follow. explorewithlulu_. RALUCA | UAE Travel. Follow. visit.dubai. Visit Dubai. Follow. ooh.
18,Foodyiz Dubai Food Blogger - Mr & Mrs Nicola Moosa - Instagram,N/A,www.instagram.com/foodyiz,"161K Followers, 274 Following, 674 Posts - See Instagram photos and videos from Mr & Mrs Nicola Moosa | Foodyiz Dubai Food Blogger (@foodyiz)"
19,Dubai Food Blogger (@_dubaifoodies_) - Instagram,N/A,www.instagram.com/_dubaifoodies_,"| #uae #dubai | All the foodies out there, follow for food reviews and many more ‚ù§Ô∏è | Honest Restaurant Ratings DM for shoutouts/collaboration ... Korean ..."
20,Dubai Food Blogger (@foodkhalifah) ‚Ä¢ Instagram photos and videos,N/A,www.instagram.com/foodkhalifah,Good #food can fix your #mood Exposing best #foods from World I will definitely make you hungry. Chicken = Love Indian ¬∑ _dubaifoodies_. Dubai ...
21,MalayaliFoodieinDxb - Instagram,https://encrypted-tbn0.gstatic.com/images?q=tbn:ANd9GcTsvYD6DZ0eHavv_nTzCRl-JCREsQKyR9ufvLltgPwJNoJElDeoFekLO24R&s,www.instagram.com/malayalifoodieindxb,"Blogger. Foodie ... Hutong Dubai's profile picture. Hutong Dubai. 2,737 ..."
22,Unnati | Dubai Food Blogger (@kitchen.junction) - Instagram,N/A,www.instagram.com/kitchen.junction,"3905 Followers, 6779 Following, 57 Posts - See Instagram photos and videos from Unnati | Dubai Food Blogger (@kitchen.junction)"
23,Tastes of alleppey now in Dubai (@tastesofalappey) - Instagram,https://encrypted-tbn0.gstatic.com/images?q=tbn:ANd9GcTzTO977-biS33bcKm5lB89HBIhRbdfYUr3Sg_ljnl_VhcH_4OKIox6UPU&s,www.instagram.com/tastesofalappey,Btech foodie(TKM) Assistant designer Elite extrusion UAE Food & restaurant reviews. Founder @akashdinesan. Contact:7012858568 9048181825(WhatsApp ).
24,monasfoodlab - manishagupta - Instagram,https://encrypted-tbn0.gstatic.com/images?q=tbn:ANd9GcQ7b1Xm-xl7XEtezTqSzFf4MiP5k5lqmsxuLsm873CYXC9ie8SJJhK3kKV4&s,www.instagram.com/monasfoodlab,#monasfoodlab Dubai food blogger ‚Äç Home baker / easy recipes ¬∑ Biroche recipe's profile picture. Biroche recipe ¬∑ Great sponsors's profile picture.
25,Dubai Food Blogger (@foodworldreview) - Instagram,https://encrypted-tbn0.gstatic.com/images?q=tbn:ANd9GcSp8ThAc1yZpDkdAwMYY5eIsEQVaKAHlrs353geTnHC-ectfmp78fjk&s,www.instagram.com/foodworldreview,"20K Followers, 83 Following, 924 Posts - See Instagram photos and videos from Dubai Food Blogger (@foodworldreview)"
26,Mad|Fat|UAE Food Bloggers (@madfat_foodies) - Dubai - Instagram,N/A,www.instagram.com/madfat_foodies,"4856 Followers, 401 Following, 177 Posts - See Instagram photos and videos from Mad|Fat|UAE Food Bloggers (@madfat_foodies)"
27,Food blogger (@flavorsbyish) - Ishita Jain - Instagram,https://encrypted-tbn0.gstatic.com/images?q=tbn:ANd9GcRx7tJl4BQiqlAXsLE58n3J2cdj07rwqKomXqavvnYVRBmYLNxN-H03uQ&s,www.instagram.com/flavorsbyish,Reel creator |Food | lifestyle | Travel DM for collaboration|promotions|Food reviews #vegetarianrecipes‚òòÔ∏è Dubai ¬∑ me 's profile picture. me ¬∑ UAE ...
28,Food & Travel (@tableeforone) - RAFEEZ AHMED - Instagram,https://encrypted-tbn0.gstatic.com/images?q=tbn:ANd9GcQqAdeLVrVuHXYKWmKnj0Y-t_7TdSd3lVqKcI_tUtTnROclzdte-3ERhQQ&s,www.instagram.com/tableeforone,Mr & Mrs Nicola Moosa | Foodyiz Dubai Food Blogger. Follow. heykarish. Karishma Fernandez | Creator. Follow. motaz_azaiza. Motaz Azaiza ŸÖŸèÿπŸíÿ™Ÿéÿ≤ ÿπÿ≤ÿßŸäÿ≤ÿ© ‚ö°Ô∏è.
29,Zubin Mashood (@zubinology) ‚Ä¢ Instagram photos and videos,https://encrypted-tbn0.gstatic.com/images?q=tbn:ANd9GcTUd8AS3vpf3Hy-M1UE8pd73714niau8n6ce3zF5SvWa6sMCC1MThnrQSzs&s,www.instagram.com/zubinology,Restaurant Consultant | Content Creator ‚ÄúGiving food senses some sense‚Äù EAT. COOK. TRAVEL. REPEAT. Û†Åß ...
30,Zehra A Syed | Zehra blogs (@z.blogs) ‚Ä¢ Instagram photos and videos,N/A,www.instagram.com/...,Food ‚Ä¢ Travel ‚Ä¢ Fashion ‚Ä¢ Beauty ‚Ä¢ Lifestyle ‚Ä¢ Dentist The coolest food spots + things to do in UAE @zaskmedia | Content creator üìΩÔ∏è.
31,Dubai + Beyond Food Blogger (@visani.foodie) - Instagram,https://encrypted-tbn0.gstatic.com/images?q=tbn:ANd9GcSyA8uGDbXSFT_9xjEqyyK8s9P8tv7JIPWZO1e-B0McBnC4PbTm-1IUOQ&s,www.instagram.com/visani.foodie,"Blogger - 1830 Followers, 1214 Following, 731 Posts - See Instagram photos and videos from Dubai + Beyond Food Blogger (@visani.foodie)"
32,Peyman Rashid Al Awadhi (@thealawadhi) - Instagram,N/A,www.instagram.com/thealawadhi,dubaieats. Dubai Eats (Dubai Food Festival). Follow ... Feed Kiani | Emirati Food Blogger . Follow ... What an honor to show a glimpse of Dubai's food scene ...
33,Divya | Dubai Food Blogger (@divyasirnani) - Instagram,https://encrypted-tbn0.gstatic.com/images?q=tbn:ANd9GcS3808cBZ7ftHddvSPj2VppLIYMUqqhMrIJVXPfn3-Z-q7GRl4aUdB5-V0&s,www.instagram.com/divyasirnani,"7370 Followers, 3113 Following, 1308 Posts - See Instagram photos and videos from Divya | Dubai Food Blogger (@divyasirnani)"
34,Harshit (@plate_se_zuban_tak) ‚Ä¢ Instagram photos and videos,https://encrypted-tbn0.gstatic.com/images?q=tbn:ANd9GcT6OLhtQGNwTHLSr3g6Efo26pPPauYM6lWKCnF7Jh0r8ut-gNILDI7OkgQ&s,www.instagram.com/plate_se_zuban_tak,Let's create. Food | travel Delhi | Dubai DM for collab/invites - platesezubantak@gmail.com. Owns by @harshitjoshi_hj_ ¬∑ Me's profile picture.
35,A Ali (@taqato) ‚Ä¢ Instagram photos and videos,https://encrypted-tbn0.gstatic.com/images?q=tbn:ANd9GcQCK7xYtOLjAtrVVVed25-w3Ay332mbOERdsB-thqJKwQHjdpeKPxnYPHw&s,www.instagram.com/taqato,Dubai Blogger ‚úèÔ∏è Digital Creator - 2015 Food | Hotels | Tech ‚úà Travel | Luxury | Movies 32 countries ... Dubai Legendary Restaurant in Qusais ...
36,Dubai Food Blogger : Chef (@dubai_food_blogger) - Instagram,N/A,www.instagram.com/dubai_food_blogger,"1211 Followers, 152 Following, 1429 Posts - See Instagram photos and videos from Bhynes : Dubai Food Blogger : Chef (@dubai_food_blogger)"
37,Kim & Den - Dubai Food Bloggers | We heard of the famous @albaik ...,https://encrypted-tbn0.gstatic.com/images?q=tbn:ANd9GcRecr54lJ5U15mqhkNmU6thE_sL-HXvcsojsuyjHoPiydXZVVAajMCBxpk&s,www.instagram.com/oodat ‚Ä∫ reel,Photo by Kim & Den - Dubai Food Bloggers in Shangri-La Paris with @. beautifuldestinations ¬∑ beautifulhotels ¬∑ ohsoperfectproposal ¬∑ toureiffelofficielle.
38,Food Blogger Dubai (@pinkey_recipes) ‚Ä¢ Instagram photos and videos,N/A,www.instagram.com/pinkey_recipes,Pinkey Khandelwal| Food Blogger | OWN Recipes | Dubai | ; 68 posts ; 310 followers ; 183 following ...
39,Ralph J. (@cookingwithralph) - Vegan Food Blogger - Instagram,N/A,www.instagram.com/cookingwithralph,"Vegan for the Animals Certified Nutrition Coach PN1 Restaurants & Products Review Invites/Collab: admin@cookingwithralph.com. Dubai, UAE."
40,Ralph J. (@cookingwithralph) - Vegan Food Blogger - Instagram,N/A,www.instagram.com/cookingwithralph,"Vegan for the Animals Certified Nutrition Coach PN1 Restaurants & Products Review Invites/Collab: admin@cookingwithralph.com. Dubai, UAE."
41,Ayesha Parki | Dubai Food Blogger | - Instagram,https://encrypted-tbn0.gstatic.com/images?q=tbn:ANd9GcT7eHPGeCVld3qOCIzYwvt8mmbVo-CfAEsneb7rrW4PRL81DW1bTxiosB0&s,www.instagram.com/eesh,"3 days ago ... Photo shared by Ayesha Parki | Dubai Food Blogger on March 01, 2024 tagging @."
42,zztalkingnook - Food & Lifestyle Blogger-Dubai - Instagram,N/A,www.instagram.com/zztalkingnook,A Foodie sharing her. Food and Lifestyle by her. Photography passion Email:zztalkingnook@gmail.com ¬∑ Food Craft's profile picture. Food Craft.
43,Dubai food blogger/ influencer (@food.me.life) - Instagram,https://encrypted-tbn0.gstatic.com/images?q=tbn:ANd9GcQ2u3_Ou5lbhrejHJ8ggqSla0AALhEfVsya5ZeveLRK1Ma2Ufr7vFfO3og&s,www.instagram.com/food.me.life,"43K Followers, 3259 Following, 617 Posts - See Instagram photos and videos from Dubai food blogger/ influencer (@food.me.life)"
44,Food Bloggers Dubai (@foodbloggersdubai) - Instagram,N/A,www.instagram.com/foodbloggersdubai,"1961 Followers, 335 Following, 195 Posts - See Instagram photos and videos from Food Bloggers Dubai (@foodbloggersdubai)"
45,We FINALLY tried Dubai's favorite Chinese noodle spot ... - Instagram,https://encrypted-tbn0.gstatic.com/images?q=tbn:ANd9GcTV7EZztIHlB3_5485iLwKOqOAxPRZHlpUYWz2s12GDqSo-buSyREgG2-aO&s,www.instagram.com/oodat,15 Apr 2024 ... Photo by Kim & Den - Dubai Food Bloggers in Shangri-La Paris with @.
46,Dubai Food Bloggers | Look what just got delivered A big THANK ...,https://encrypted-tbn0.gstatic.com/images?q=tbn:ANd9GcTwcK24V5e3eEUvH73MFmw2izxCjqtN0dZ0Xr4AcTEwHt1C4BvLYUMRXZbJ&s,www.instagram.com/oodat,28 Sept 2021 ... Photo by Kim & Den - Dubai Food Bloggers in Shangri-La Paris with @. beautifuldestinations ¬∑ beautifulhotels ¬∑ ohsoperfectproposal.
47,Emirati Food Blogger | My childhood snacks during Dubai summer ...,https://encrypted-tbn0.gstatic.com/images?q=tbn:ANd9GcSn3Pw5zB9kEdHkWBxhjpvKHqi2ff7j-sNVq2E5s__8AG3r2q8GJRJRrus&s,www.instagram.com/i,"7 Jul 2023 ... .Oman Chips Quesadilla: 55 AED Crispy tortillas infused with consomm√© flavor, layered with cheese, and perfected with the unique addition of ..."
48,Dubai Food Bloggers | We're sure most of you haven't tasted unicorn ...,N/A,www.instagram.com/oodat ‚Ä∫ Post,5 Feb 2018 ... Photo by Kim & Den - Dubai Food Bloggers in Shangri-La Paris with @. beautifuldestinations ¬∑ beautifulhotels ¬∑ ohsoperfectproposal.
49,@traveltamila ‚Ä¢ Instagram photos and videos,N/A,www.instagram.com/traveltamila,Blogger Dm For Promotion CHEF IN HOTEL. www ... Dubai rain day in my life part 2 . . . Like and ... Budget friendly sri lanka food restaurant in dubai . .
50,dubai.taste - FOOD BLOGGER - Instagram,https://encrypted-tbn0.gstatic.com/images?q=tbn:ANd9GcSF4TGd3Ai87SFk5eNdH9SfZSSUxr0eRcTH_eQnCTKFu4YRulcm2H_Uvw&s,www.instagram.com/dubai,"8426 Followers, 1025 Following, 149 Posts - See Instagram photos and videos from Dubai Food Blogger (@dubai.taste)"
51,Hussain (@thefoodiefreak95) ‚Ä¢ Instagram photos and videos,https://encrypted-tbn0.gstatic.com/images?q=tbn:ANd9GcSZ7L72Y41pLi_l_GYNR-uiv0f561HKIIfn4XQXtmzPgym8WtvF_PH2&s,www.instagram.com/thefoodiefreak95,foodiesbite. Sami- UAE Blogger. Follow. dubaifoodtours. Dubai Food Tours. Follow. hayawiiacom. Hayawiia. Follow. _dubaifoodies_. Dubai Food ...
52,The Food Blogger From Dubai (@thefoodbloggerdubai_) - Instagram,N/A,www.instagram.com/thefoodbloggerdubai_,"417 Followers, 40 Following, 6 Posts - See Instagram photos and videos from The Food Blogger From Dubai (@thefoodbloggerdubai_)"
53,ANUSHREE BAGZAI || Dubai Blogger (@anushreebagzai) - Instagram,https://encrypted-tbn0.gstatic.com/images?q=tbn:ANd9GcSE3O0c6JWOOeVfwy5b5wylLVNXrcjDagF3nRYhDfy6ARXr1dq6tNWRBzHE&s,www.instagram.com/anushreebagzai,"49K Followers, 2338 Following, 906 Posts - ANUSHREE BAGZAI || Dubai Blogger (@anushreebagzai) on Instagram: ""‚Ä¢Travel | Food | Lifestyle Blog ‚Ä¢ Dubai ..."
54,Noor Ul Aiin (@noorulaiin) ‚Ä¢ Instagram photos and videos,https://encrypted-tbn0.gstatic.com/images?q=tbn:ANd9GcSOFbSueakiz4KAvooZMsgjw-cUTHcmRsxAF9w4cwh1geNw-RLpIwb6Z6I&s,www.instagram.com/noorulaiin,Dubai & Beyond ‚Ä¢ 25 Travel ‚Ä¢ Food ‚Ä¢ Adventures ‚Ä¢ Lifestyle ‚Äç Co-founder @spadedigitalm.
55,So we tried another famous delhi restaurant in Dubai ... - Instagram,https://encrypted-tbn0.gstatic.com/images?q=tbn:ANd9GcQJhDxpMhF5WpuVbe1eKGghlkK6k8Dk79y3dCbJIAQN8wS2fcKtDo6GO-4&s,www.instagram.com/_zuban_tak,24 Apr 2024 ... Who's coming with me to enjoy this? ... #platesezubantak #food #mydubai #dubai #foodblogger #foodstagram #comment4comment #likesforlike #instagram ...
56,Apne delhi ka famous chawalas chicken @chawlas2dxb is now in ...,https://encrypted-tbn0.gstatic.com/images?q=tbn:ANd9GcR3o2oUFRi1WUeT-R1xeZ71Ke-HbhaFBOh_FGvKgHnpCk1iGG62tKTc7FI&s,www.instagram.com/_zuban_tak,14 Mar 2024 ... Who's coming with me to enjoy this? ... #platesezubantak #food #mydubai #dubai #foodblogger #foodstagram #comment4comment #likesforlike #instagram ...
57,Emirati Food Blogger | ‚ÄºÔ∏èLooking for best Hotpots in Dubai? I ...,https://encrypted-tbn0.gstatic.com/images?q=tbn:ANd9GcTp-hQKPkm09mR7iBNbWOaftqHqW0l6tlkp-tngNEADvVPxgQaG1LFGMf6h&s,www.instagram.com/i,2 days ago ... ‚ÄºÔ∏èLooking for best Hotpots in Dubai? ¬∑ Looking for best Birria Ramen in Dubai like me? ¬∑‚ÄºÔ∏èLooking for best tacos in Dubai like me? ¬∑ My ...
58,Vrunda-Vadodara food blogger | 2023 year faces a lots ... - Instagram,https://encrypted-tbn0.gstatic.com/images?q=tbn:ANd9GcTXtADeSm4i-7hQNg6R5Ig4kc0M_ODXA4lDzqme7BMdsdGtBozNgQNHKdU&s,www.instagram.com/ood_diary,"30 Dec 2023 ... Photo shared by Vrunda-Vadodara food blogger on February 06, 2024 tagging @dubai. dubai."
59,Dubai food lifestyle travel blogger (@kanwal.aalijah) - Instagram,https://encrypted-tbn0.gstatic.com/images?q=tbn:ANd9GcQoT9s-Nih84k6kTXttmTOTz34XSC9HApwfokdMWY_FRmkupv_uM_NdmlY&s,www.instagram.com/kanwal.aalijah,"183K Followers, 1126 Following, 551 Posts - See Instagram photos and videos from Dubai food lifestyle travel blogger (@kanwal.aalijah)"
60,C.Y.N.E.R.A I Food Blogger (@dcinni22) - Instagram,https://encrypted-tbn0.gstatic.com/images?q=tbn:ANd9GcRhFJufSr93TjfhjZQJsfla6tvv_fPRVBHOIarPBKWeVrt2m4wB_ljf&s,www.instagram.com/dcinni22,"Photo by C.Y.N.E.R.A I Food Blogger in Jumeirah Lakes Towers. May be an image. Photo by C.Y.N.E.R.A I Food Blogger in Dubai, United Arab Emirates. May be."
61,Dubai & Bangalore Food Blog (@twofoodiedumplings) - Instagram,N/A,www.instagram.com/twofoodiedumplings,"521 Followers, 21 Following, 62 Posts - See Instagram photos and videos from Dubai & Bangalore Food Blog (@twofoodiedumplings)"
62,Adeeba Naaz (@adeebaanaaz) ‚Ä¢ Instagram photos and videos,https://encrypted-tbn0.gstatic.com/images?q=tbn:ANd9GcRNLGabu_7XkPMBG6PfY62yTbArkUDvfTrRCR1rNKWdfB-6QC3eGr89QLU&s,www.instagram.com/adeebaanaaz,Dubai‚ù§Ô∏è YouTube: 750K+ Sub‚ù§Ô∏è Covered 150+ restaurants in DUBAI Tiktok :48k. DM for Promotion adeeba.naaz97@gmail.com. Noon/Sivvi code- ARMY1.
63,Amita | Food Blogger (@amitacooks) ‚Ä¢ Instagram photos and videos,N/A,www.instagram.com/amitacooks,Passionate Home-cook ‚Äç Love cooking and making recipes from scratch. All the food pics are genuine and have been prepared by me.‚ù§Ô∏è Dubai.
64,Sana (Food & Travel Blogger) | Dubai surely has some of the best ...,https://encrypted-tbn0.gstatic.com/images?q=tbn:ANd9GcQtI43N2ffaKcTO5r9J397g7XQWtwlOdgdHvccTaNEWL6BGeH8TR4nAG70&s,www.instagram.com/,"8 Mar 2024 ... Dubai surely has some of the best restaurants, and @themainedxb you are one of them, I had a lovely brunch here and that pasta was my favourite."
65,Dubai food lifestyle travel blogger | Iftar at traditional dow ... - Instagram,https://encrypted-tbn0.gstatic.com/images?q=tbn:ANd9GcS3GV2qI5ca92jx8Wjvnbgu_OXSXW2GuOR22onln3hxlgb0gooh79crKFY&s,www.instagram.com/alijah,"4 Apr 2024 ... 2848 likes, 4 comments - kanwal.aalijah on April 4, 2024: ""Iftar at traditional dow üõ•Ô∏è‚õµÔ∏è‚öìÔ∏è #dubaiiftar""."
66,Pooja Mohan | Indian Food Blogger in Dubai (@sapadshala),N/A,www.instagram.com/sapadshala,"5521 Followers, 1771 Following, 744 Posts - See Instagram photos and videos from Pooja Mohan | Indian Food Blogger in Dubai (@sapadshala)"
67,Aishwarya || Dubai Blogger (@platesofaishu) - Instagram,https://encrypted-tbn0.gstatic.com/images?q=tbn:ANd9GcT7mw1t1mCwG0iSmQKgcIQv7S3PcUMHLMe-tANwCmP7ty0xXurrsjw2RLIv&s,www.instagram.com/platesofaishu,Discovering delicious food deals & travel gems ‚ú≥Ô∏è Follow me for yummy food & hidden gems üõçÔ∏è Business Owner - @thesowlo ‚úàÔ∏è ¬∑ Cheap ...
68,George Pittappillil (@justfordrools) ‚Ä¢ Instagram photos and videos,N/A,www.instagram.com/justfordrools,üçΩÔ∏è Worldly Flavors & Culinary Adventures Honest Reviews (I pay for everything I eat) Indian Living in the UAE ¬∑ Dubai's profile picture. Dubai.
69,Vegan & Vegetarian Recipes | Dubai Food Blogger (@hala_shares),https://encrypted-tbn0.gstatic.com/images?q=tbn:ANd9GcTMmzuNvj52mZpJVHdSa5C9syA9eIOKshoZxpdElm_3njFF4PJptF6u5mev&s,www.instagram.com/hala_shares,"137K Followers, 1291 Following, 2032 Posts - Nihala | Vegan & Vegetarian Recipes | Dubai Food Blogger (@hala_shares) on Instagram: "" Sharing the best ..."
70,Dubai Food Bloggers | At first I thought I was crazy to take a baby on ...,https://encrypted-tbn0.gstatic.com/images?q=tbn:ANd9GcSc1aARWJpslbHWDLutWMxcFh6hqGYjgpmGH4Pz6QAmqgz4Bmq7d-R41Hij&s,www.instagram.com/oodat,21 Aug 2023 ... ... Catholic Church. Photo by Kim & Den - Dubai Food Bloggers in St. Mary's Catholic Church with. visit.dubai ¬∑ mydubai ¬∑ firenzeflora.
71,Kerala Foodie - Is this the best TIRAMISU in Dubai - Instagram,https://encrypted-tbn0.gstatic.com/images?q=tbn:ANd9GcQKRggaSZ35MuzGPaHpzHj87Ovm_-4H10QthozZQj0jnE-_rkYhXBEk8RU&s,www.instagram.com/odie,"15 Feb 2024 ... ... Dubai ? Welcome to @public , Dubai . . #dubai #dxb # ... kochin Food blogger. Follow. eagle.gamingop. Dilin Dinesan. Follow."
72,Ayesha Parki | Dubai Food Blogger (@eatwithyeesh) - Instagram,https://encrypted-tbn0.gstatic.com/images?q=tbn:ANd9GcS3808cBZ7ftHddvSPj2VppLIYMUqqhMrIJVXPfn3-Z-q7GRl4aUdB5-V0&s,www.instagram.com/eatwithyeesh,"18 Feb 2024 ... 2286 Followers, 2200 Following, 370 Posts - See Instagram photos and videos from Ayesha Parki | Dubai Food Blogger (@eatwithyeesh)"
73,Amna Omer | Homecook & Food Blogger (@amnatalksfood),N/A,www.instagram.com/amnatalksfood,Society DXB's profile picture. Society DXB ¬∑ PR - DXB's profile picture ¬∑ Tabu Dubai's profile picture ¬∑ Invites - DXB's profile picture ¬∑ Invites DXB's profile ...
74,UAE Food Blogger (@thetrippyfoodies) ‚Ä¢ Instagram photos and videos,https://encrypted-tbn0.gstatic.com/images?q=tbn:ANd9GcQqX2ioPlbxcLyfzTgac1E_vvsYvYW4ylOjmjVWdez8AQDlwCbtCOdahDc&s,www.instagram.com/thetrippyfoodies,Follow our travel page @thetrippytravellers. DM for Collabs Dubai | Tbilisi | Kutaisi | Mumbai Subscribe ¬∑ grieshmaadvani's profile picture.
75,So we tried my friend @rusha_nyalchandani favorite pizza place in ...,https://encrypted-tbn0.gstatic.com/images?q=tbn:ANd9GcTJn4eNcI5lqpll9f3jmpSocbu2OexI1ltoReR6dFLrKlE7qbP1TkHaeKw&s,www.instagram.com/_zuban_tak,5 Apr 2024 ... Who's coming with me to enjoy this? ... #platesezubantak #food #mydubai #dubai #foodblogger #foodstagram #comment4comment #likesforlike #instagram ...
76,DXB Food (@dubaifoodblogger) ‚Ä¢ Instagram photos and videos,N/A,www.instagram.com/dubaifoodblogger,dubaifoodblogger ¬∑ So#refreshing .... ¬∑ #mydessert#today is #pure#indulgence ... ¬∑ #loving#mybreakfasttoday#foodie#foodlover#food#blogger#mydubai#dubai.
77,Stocking up the neighborhood fridge as the summer and rains arrive ...,https://encrypted-tbn0.gstatic.com/images?q=tbn:ANd9GcSDuXHdsnUDZkuix0fE5DEhzmfRxeXdzrgdA7a4M9f2QZYoL23p_deoGeA&s=0,www.instagram.com/hi,"5 days ago ... Photo by Sachi Kumar | Dubai Food and Travel Blogger on April 15,."
78,30th dinner party of dreams Recently worked on my ... - Instagram,N/A,www.instagram.com/eesh ‚Ä∫ Post,"4 Mar 2024 ... Photo by Ayesha Parki | Dubai Food Blogger in Dubai, United Arab Emirates."
79,Dubai Food DUBAIBLOGGER (@dubaifoodpassion) - Instagram,https://encrypted-tbn0.gstatic.com/images?q=tbn:ANd9GcT9RWNQ_1OU519SqmCUJfvXEe3jurh99MjGH8ssOw6aYC6xDrZ4S-XrlzE&s,www.instagram.com/dubaifoodpassion,"145K Followers, 5694 Following, 275 Posts - See Instagram photos and videos from Dubai Food DUBAIBLOGGER (@dubaifoodpassion)"
80,"Biggest Dosa / Bahubali Dosa in Dubai , you must try ! I ... - Instagram",https://encrypted-tbn0.gstatic.com/images?q=tbn:ANd9GcRA6Y8S-GV11cn9954BBqFzzZ9gg9tpS2_vchiuDrG2FdK2mUHSRR8hgzPG&s,www.instagram.com/bagzai,"8 Apr 2024 ... I absolutely love South Indian food like Dosa , Idli & vada and even Upma but a crispy Ghee roast dosa is something I started loving more ..."
81,~ Lavy T ~ (@dubaifoodswagger) ‚Ä¢ Instagram photos and videos,https://encrypted-tbn0.gstatic.com/images?q=tbn:ANd9GcQXR7Tk1IJDtAwf4qW94a2KxW28CCJTJGeZ_Y6lqIj8wmIWF-JfHGQB&s,www.instagram.com/dubaifoodswagger,DUBAI FOOD BLOGGER CND in DXB Who will rate the highest on the Swag-o-Meter ‚ÅâÔ∏è Follow me 4 the tastiest food 2 eat around Dubai .
82,Dubai & Food goes hand in hand! You get to taste the best cuisines ...,https://encrypted-tbn0.gstatic.com/images?q=tbn:ANd9GcRJpJbolgJsjt2L6K__jaaIPVwQThBuWFxZp4squenXVlFTqoGheMwTE21G&s,www.instagram.com/nchari,23 hours ago ... Dubai & Food goes hand in hand! ¬∑ Truth of my life! ¬∑ Tag a Foodie! ¬∑ Stepping into the weekend like a boss! ¬∑ The Crew Is Back ¬∑ e& Beach ...
83,LIFESTYLE BLOGGER (@juveriyajf) - DUBAI FOOD - Instagram,https://encrypted-tbn0.gstatic.com/images?q=tbn:ANd9GcTB2GErie9DjxzAXPp2MBJB0TMV-JrmwvWkgNwpM6X_Gg1-Wb5Edk_JytLa&s,www.instagram.com/juveriyajf,"146K Followers, 505 Following, 541 Posts - DUBAI FOOD|LIFESTYLE BLOGGER (@juveriyajf) on Instagram: "" TOP 100 INFLUENCERS AWARDS DUBAI Mama x 3 ..."
84,6 months already in this beautiful city. When I decided to ... - Instagram,https://encrypted-tbn0.gstatic.com/images?q=tbn:ANd9GcQV-nlfe2FJbYbmqSHzeT5-40kIFjc7C8diJfR642cRT6hvsUdcfZyN2NU&s,www.instagram.com/,"17 Oct 2023 ... Photo shared by C.Y.N.E.R.A I Food Blogger on April 29, 2024 tagging @outoftheboxmarilyn ... Photo by C.Y.N.E.R.A I Food Blogger in Dubai, ..."
85,Immersive dining experience in Dubai ! It was magical ... - Instagram,https://encrypted-tbn0.gstatic.com/images?q=tbn:ANd9GcQri-EtHD9iHW77i232aF0y2vFqNTim3TpSlqlwJvyRLfbp2GBCdUDadoY&s,www.instagram.com/akshah,2 Mar 2024 ... Manish Malhotra. Follow. cookwithnidhiii. NIDHI JAIN | FOOD BLOGGER. Follow. abhijeetkain. Abhijeet Kain. Follow. shethepeopletv. SheThePeople.
86,"Millets Masterclass for @mr.taster, an International Food ... - Instagram",https://encrypted-tbn0.gstatic.com/images?q=tbn:ANd9GcSQxWjOIeAWY5oT7wSVwtLAc539ljLVWD73U5h3glNmSVr-dNLnZWYnKjq4&s,www.instagram.com/schawla,"10 Aug 2023 ... 182 likes, 1 comments - chefvikaschawla on August 10, 2023: ""Millets Masterclass for @mr.taster, an International Food Blogger from Dubai"""
87,Salma Nasrin | Food Blogger | One thing officially off my bucket list ...,https://encrypted-tbn0.gstatic.com/images?q=tbn:ANd9GcQnArkGl3Z8Unvu7_Rfea_yFyD-v91oKsQidb5-xltpR53j933k9eS7J-5P&s,www.instagram.com/life___,"9 Mar 2020 ... Photo by Salma Nasrin | Food Blogger in Ski Dubai with @dubai, @visit. dubai."
88,Food Blogger | Dubai (@a_food_favorite) - Instagram,N/A,www.instagram.com/a_food_favorite,"4527 Followers, 7518 Following, 55 Posts - See Instagram photos and videos from Food Blogger | Dubai (@a_food_favorite)"
89,UAE Food Blogger (@uaefoodjet) ‚Ä¢ Instagram photos and videos,N/A,www.instagram.com/uaefoodjet,"9813 Followers, 3326 Following, 5 Posts - UAE Food Blogger (@uaefoodjet) on Instagram: ""Review of Restaurants In United Arab Emirates Foodie ..."
90,Dubai Foodie (@dubaicurry) ‚Ä¢ Instagram photos and videos,N/A,www.instagram.com/dubaicurry,"I'm a Food Blogger in Dubai,UAE | Originally frm Chennai,India |Treat for taste buds ‚ù§Ô∏è| Love to cook healthy|Love exploring foods."
91,Fathima (@tableforfivedubai) ‚Ä¢ Instagram photos and videos,https://encrypted-tbn0.gstatic.com/images?q=tbn:ANd9GcSFyNWMeIhgJk97QT8ZdJ8BB5q6aau7YDwP04yQfTl22eToOGc9VYYoZ4Ju&s,www.instagram.com/tableforfivedubai,Delicious food made easy Recipes and restaurants. South African in Dubai ‚úâÔ∏è info@tableforfive.me. Licensed ¬∑ CakeBoutique's profile picture ¬∑ Guess ...
92,Sachi Kumar | Dubai Food and Travel Blogger - Instagram,https://encrypted-tbn0.gstatic.com/images?q=tbn:ANd9GcSqC8nR8I0GBPVtx8gEg65WFL5VFmq5t2Jjaynsq2v5th9R21AY-Mn7YdQc&s,www.instagram.com/hi,"21 Feb 2024 ... Photo by Sachi Kumar | Dubai Food and Travel Blogger on April 15,."
93,Jay | food blogger | #chickenbiryani ‚ù§Ô∏è . #lunchtime #lunchideas ...,https://encrypted-tbn0.gstatic.com/images?q=tbn:ANd9GcSDAvhgUBpp-_pm6fCUiPDLzl2LrD8ikhwI3NrmhWEArwxx6m3SAfSZEKCA&s,www.instagram.com/etite,27 Mar 2023 ... #chickenbiryani ‚ù§Ô∏è ¬∑ #dubai #rainsindubai #heavyrains #rainyday üåßÔ∏è‚õàÔ∏è . ¬∑ City Walk Dubai | Eid Celebrations | Eid Mubarak #festivalvibes #shorts.
94,"Indulge in Luxury: Dubai Food Court, Nagpur's Exquisite Culinary ...",https://encrypted-tbn0.gstatic.com/images?q=tbn:ANd9GcSzyoD4oUZlrDidO5mLZpDuHkVFJsFww8-8RQnwb6AkdQojeE7MQfldPHo&s,www.instagram.com/err_ ‚Ä∫ Reels,"15 Mar 2024 ... Photo shared by Angel Peter | Nagpur blogger on April 20, 2024 tagging @crossworld."
95,Dubai Blogger | Aish (@wherenxt.dxb) ‚Ä¢ Instagram photos and videos,https://encrypted-tbn0.gstatic.com/images?q=tbn:ANd9GcQ-ffdyjMzlQ4cPyp6ZEBkduAg6Vdn1joMIzrQjHkhQfDJDusuhuATXje9z&s,www.instagram.com/wherenxt,"22K Followers, 275 Following, 321 Posts - See Instagram photos and videos from Dubai Blogger | Aish (@wherenxt.dxb)"
96,Dubai Food Bloggers | BRANDED NEW ITEMS at HEAVILY ...,https://encrypted-tbn0.gstatic.com/images?q=tbn:ANd9GcQwa-pY9euBI21mgM5Wl8Js-BZ9w9xfeshnWkaQApxb9cO_PofJJNEw1Jxs&s,www.instagram.com/oodat,11 Jan 2024 ... Photo by Kim & Den - Dubai Food Bloggers in Shangri-La Paris with @. beautifuldestinations ¬∑ beautifulhotels ¬∑ ohsoperfectproposal.
97,LUDHIANA FOOD BLOGGER | Dubai most loved brand ... - Instagram,https://encrypted-tbn0.gstatic.com/images?q=tbn:ANd9GcRfBx2bmscKU6wrHMhTUKqSOVadxSxYdaenVfpsqpbpSGxCWR4ktjBcL1Ye&s,www.instagram.com/_foodiess,"14 Mar 2024 ... ludhiana_foodiessMarch 14, 2024 on : ""Dubai most loved brand @donergyrosindia Loved the food must tryy Location-Adjoining Fat Tiger opposite ..."
98,PUNE FOOD BLOGGER | Dubai Style Dry Fruit Store in Pune At,https://encrypted-tbn0.gstatic.com/images?q=tbn:ANd9GcT6K1M8thTuNOJlTG1XFasYNodWeNQ8-GyGjlhguvJfJMV8DcRHjcmKSaQ&s,www.instagram.com/iesoul,"23 Jan 2024 ... 12K likes, 69 comments - punefoodiesoul on January 23, 2024: ""Dubai Style Dry Fruit Store in Pune At- @siadryfruit Ph no:- 8010131765 ..."
99,made.dubai is one of the hidden places to enjoy coffee and pizza ...,https://encrypted-tbn0.gstatic.com/images?q=tbn:ANd9GcSmO7uLtX7sDwBd16nG6iPGMXMFZ8FP_l-NF5fyq3Kd8WbrFwvyU5j3J_d8&s,www.instagram.com/_zuban_tak ‚Ä∫ Reels,14 Sept 2023 ... @made.dubai is one of the hidden places to enjoy coffee and pizza. ... Keep following @plate_se_zuban_tak ... #reels #food #foodblogger #foodies # ...
